Nom,Adresse,Email,Téléphone,Compétences
Maurice Masson,"37, chemin de Bonnin
73975 Lacroix-sur-Maillet",simonedumont@example.com,+33 2 50 71 59 95,gcejACQA
Aurore-Claire Fischer,"66, rue de Carpentier
59619 Grégoire",idumas@example.com,0247176633,yPeRUS
Patrick du Jacquet,"39, rue de Pottier
32651 Pineau",alefevre@example.com,01 42 17 35 12,ImZWip
Caroline Bouchet,"13, chemin de Grenier
33449 Blancnec",gabriel86@example.net,05 61 51 40 51,UyCOL
Nathalie Cohen,"86, avenue Vincent Meyer
63917 Davidboeuf",lefebvreroland@example.org,+33 5 56 20 90 05,YwjzKHsl
Alexandre Diaz-Louis,"rue Moulin
85729 Sainte Zoé",larochemaggie@example.org,+33 (0)6 21 01 87 23,fFnmI
Manon du Mahe,"rue de Hubert
53675 Seguin",lemaitregenevieve@example.net,+33 2 22 55 93 73,pXnvGRDX
Capucine-Alice Charles,"9, rue Margaud Pinto
51367 Marin",penelope24@example.com,0481019951,wBqQVnJkna
Tristan de Thibault,"17, chemin Barbier
48208 Normand-sur-Lenoir",ojourdan@example.net,03 80 17 46 00,WvNYSy
William Martineau-Traore,"53, avenue Hortense Da Costa
73693 Sainte Lorraine",iroy@example.net,0218395845,FtygZyD
Renée Hervé,"70, chemin Pottier
61399 Saint André",claudinele-roux@example.net,0230556397,efnkPZ
Henri Carlier,"chemin Margaret Clerc
65546 Leroux-la-Forêt",christophebodin@example.com,06 33 97 80 99,wEPoHTV
Michelle François-Brunet,"rue de Rocher
49559 Hoaraunec",marinemartineau@example.net,+33 1 41 59 43 35,oBFNvHq
Alex Marques,"92, rue Roger
58341 Chevalier",victorgimenez@example.org,02 30 15 20 66,rJHdIq
Timothée du Hebert,"914, boulevard de Wagner
43563 Sanchez-sur-Chartier",laurent26@example.org,06 38 16 96 59,ZTnmpZ
Lorraine-Christiane Munoz,"5, rue Roland Menard
78847 Saint ValentineVille",samsonemilie@example.com,+33 6 03 87 27 25,PPKdMgdW
Théophile Letellier,"71, rue de Riou
53373 Sainte Claire",nicolas51@example.com,+33 (0)5 61 12 25 57,pceTmmV
Marc Faivre,"36, avenue Margaret Fontaine
75482 Weissboeuf",antoine00@example.org,0386607063,prcWUYixw
Thérèse Pons,"766, chemin Legros
41303 Sainte Pierre-la-Forêt",cecile66@example.org,+33 (0)2 61 21 36 12,FfbayVnn
Louise Weber,"65, rue Corinne Marchal
08427 Saint MarcVille",hortenseleroy@example.net,02 33 37 81 46,AgWaludr
Honoré de la Dupuis,"6, rue Julien Verdier
09992 Bouvet",marcmoulin@example.net,02 79 39 85 07,TqdIOfaehK
Susan Renard,"8, rue Ferreira
19672 Payet-sur-Bertrand",louisastrid@example.com,+33 2 58 68 68 83,exPszjfl
Joseph Imbert du Daniel,"25, boulevard de Besson
25710 Carpentier",denisrene@example.org,+33 1 79 39 85 08,OrPVkZXsWl
Alfred Techer-Martin,"15, rue Margaud Schneider
75259 Perrot",ztanguy@example.net,0145500629,JoQBRfTAh
Claudine-Capucine Lebon,"20, chemin de Laine
77788 Saint Jacqueline",alixpichon@example.org,+33 (0)4 83 46 41 73,ZQBWtF
Cécile Clément,"25, chemin Gomes
81367 Leroy-sur-Mer",renardanne@example.net,05 63 64 75 23,WgvxeIAKDl
Odette-Martine Durand,"10, chemin de Vallée
83956 Maury-la-Forêt",petienne@example.com,05 32 42 19 11,DZwnrq
Emmanuel Becker,"41, boulevard Isabelle Georges
46501 Sainte Thibaut",aruiz@example.org,0345599336,nqWoFNH
Eugène-Alphonse Jean,"41, avenue Roux
06171 Sainte Paulette",kferreira@example.net,0735814829,Knpgc
Zacharie Allain,"35, boulevard Bègue
72492 Guichard",morinoceane@example.net,+33 4 56 32 10 80,UmXjXZxLWm
Christelle Lambert,"19, rue de Wagner
02524 Sainte BenjaminBourg",glemoine@example.net,+33 2 49 34 31 66,kIThkvLnR
Adrienne Pruvost-Leleu,"5, rue Maggie Delahaye
49937 Sainte Sophie",philippeaubry@example.com,+33 (0)2 22 62 67 50,QBfuIHZs
Augustin Rey-Torres,"72, avenue Marie Leduc
16959 Duhamel",valleethierry@example.com,02 99 15 42 93,sdDKU
André De Sousa,"61, rue Joséphine Morvan
07440 Munoz",patricia64@example.net,06 15 49 69 00,JPUBcoLj
Zacharie Pruvost-Gilles,"84, rue Petitjean
51337 Menard-sur-Mer",bernardpierre@example.org,0229164644,myAwQUzyO
Édith Sauvage,"65, avenue de Briand
66562 Barre-sur-Hervé",margot22@example.org,+33 2 72 57 95 80,Ppgxb
Timothée Courtois-Gautier,"68, rue de Perrier
72268 Hamon",lamymargot@example.com,+33 (0)4 44 87 36 09,obZOOtSu
Émile Grenier,"42, rue Nicole Hebert
88847 Labbé",munozfrederic@example.com,+33 (0)3 53 60 77 80,nfZRvxhnIu
Sébastien de Gérard,"boulevard Anne Roche
95120 Delaunay-sur-Mer",gautiermichelle@example.org,+33 3 88 74 81 38,QZaRKjMdb
Léon Baudry,"8, boulevard Fischer
50832 Saint Robert-les-Bains",cparent@example.net,0153335307,Xaqeyb
Anne Benard,"avenue de Vincent
36694 Chauveau-la-Forêt",durandrenee@example.net,+33 3 82 32 62 40,ZzuBoCK
Emmanuel Leroux,"39, boulevard Marie Louis
82436 Lagarde-les-Bains",vdeschamps@example.org,+33 (0)2 62 44 67 03,NYdSCkb
Patrick Dos Santos,"boulevard de Bailly
29847 Maury-la-Forêt",umahe@example.net,03 70 15 06 84,tUInZWFY
David Ramos de la Descamps,"854, rue Stéphane Leclercq
62319 Lombard-la-Forêt",bruneaupaul@example.net,+33 2 97 48 73 66,UgKek
Olivier Charpentier,"7, avenue Diallo
66576 Grenier",marinecousin@example.net,+33 6 58 02 27 66,TwXnBzzv
Anastasie Courtois de la Charpentier,"19, chemin de Bonneau
41697 BarreVille",martin30@example.net,+33 (0)5 58 93 82 37,wgvzvNJzm
Renée Léger,"22, rue Léon Grondin
64763 Leleu",thibault27@example.com,02 30 33 50 37,VUGRcopcd
Pierre de Royer,"13, rue de Boulanger
68964 Saint Agnès",martymarcel@example.com,01 78 35 11 13,iXvAxjBl
François Briand,"560, boulevard Lemaître
41424 Cohen-sur-Mer",aime04@example.org,+33 4 74 15 44 31,BLumGQzqbb
Thomas Le Ferrand,"boulevard de Guillon
39978 Sainte Audrey",thierrymary@example.org,02 31 72 81 77,zxoLpdKva
Hugues Roy,"51, avenue de Morel
89623 Duhamel",mmoreno@example.com,03 70 25 08 25,IsCpaD
Alain Bouchet-Becker,"939, avenue Marcelle Traore
93453 Chevallier",hortensemaurice@example.com,03 70 45 42 22,LObfGTdEXd
André Mahe,"63, boulevard Michelle Étienne
28562 Bonnet",vincentperrier@example.com,0563057824,WdpXEyH
Simone Richard,"7, boulevard de Foucher
56772 Roche",gregoire46@example.org,0296332816,QDDIkvziD
Dominique Baron,"7, boulevard Catherine Petitjean
33585 Lamy",bguillet@example.org,+33 1 45 91 12 41,gNqMGwI
Jérôme Legendre,"3, avenue Paris
80445 Denis",da-costadiane@example.org,+33 (0)4 75 00 96 46,oFOLS
Vincent du Lagarde,"8, boulevard de Renard
64402 Sainte Margaux",pnavarro@example.com,+33 (0)1 76 56 62 30,LzcsLeq
Pierre Maurice,"14, rue Blondel
18480 Saint Margaud",paulfabre@example.com,+33 (0)4 78 06 77 72,uZQNSCWHJc
Marcel Fleury de Diaz,"12, rue Jacques Duval
05137 Ruiznec",jourdandiane@example.com,+33 5 87 48 16 03,WNmvCRIa
Joséphine Chevalier,"37, boulevard Delorme
06444 Leconte-sur-Mer",boucheredouard@example.com,0251691067,xWOQRS
Bertrand Colin,"9, boulevard de Gros
55957 Saint Inès-sur-Mer",nboutin@example.net,+33 (0)5 63 20 76 18,zbITJ
Audrey Bazin-Duval,"84, avenue Jules Barbe
97482 Camus",rollandthibaut@example.net,0587644607,tUkaHXEUB
Michelle Gérard,"5, avenue Jacqueline Lambert
80292 Lambert",valentine08@example.org,+33 (0)1 60 97 92 16,EVdGSzHmpw
André Alves,"4, avenue Fleury
61603 MartinezBourg",bonneauarthur@example.org,0247018801,vyDlavn
Alain Tanguy-Sauvage,"64, avenue de Letellier
27349 Sainte Frédéric-les-Bains",marthe32@example.org,+33 3 76 40 92 57,EFBQTg
Danielle Toussaint,"71, avenue Rivière
07972 Pages",chevallierbenoit@example.com,04 37 13 68 65,oQTvrtZG
Vincent Fernandes,"56, rue Hortense Diallo
11759 Chauvin",julienolivie@example.com,03 56 46 88 78,Yfecigd
Laurence de la Gomes,"526, rue Traore
06791 Traore",agnes14@example.net,+33 (0)6 31 81 86 12,KuLWrSiasX
Sophie-Michelle Poirier,"26, rue Joseph Moreno
20484 Delahaye-sur-Mer",gillestristan@example.org,0517396034,BfDlsed
Philippe Moulin du Leblanc,"58, rue de Dijoux
33557 Rivièreboeuf",couturiermichelle@example.net,+33 (0)1 60 06 29 77,hqELhDC
Daniel Fouquet,"rue Hugues Lemoine
94731 Philippe",susan46@example.net,0482628072,ntWlMcbCbw
Marcelle Gérard,"481, boulevard de Hernandez
21209 Saint Juliettenec",opayet@example.org,03 26 71 93 88,DxrrLJWyk
Frédéric Hoareau,"1, chemin Corinne Gosselin
92454 Saint Manon",fredericdufour@example.net,0432536090,kVOEYgRmVj
Pénélope Gilles,"342, rue Chantal Besson
85506 Rodriguesnec",gilleshebert@example.com,0556839707,VQdObr
Émile Chauvet,"boulevard Lesage
70367 Valentin",nregnier@example.com,0475955366,EPnbxHuK
Véronique Boutin,"8, rue de De Oliveira
20710 Barbe",picardhelene@example.com,0486139191,TSTmaQjB
Raymond Royer,"98, rue Masson
20272 Raynaud",mathilde40@example.net,+33 (0)1 46 01 35 15,fKaqztPkz
Martine Wagner,"61, rue Adrien Lefort
33865 Imbert",astridlacroix@example.net,+33 2 21 37 39 29,dehCwBi
Agathe Faure Le Besnard,"75, rue Pauline Da Silva
97285 Leroy",cguibert@example.com,0158047711,ikKvA
Antoine Tessier-Bouvier,"31, boulevard de Guillot
56173 De SousaVille",thibault82@example.org,0371942034,aabsk
Michelle Coste,"56, boulevard de Pineau
11246 AugerBourg",jeanchristophe@example.org,04 74 28 53 73,lJSmduyyBk
Guy Clerc de la Delmas,"rue de Lefebvre
46608 Roy",gfischer@example.com,03 27 93 37 35,CCadOI
Anaïs Parent,"77, chemin Becker
35424 Bègue",elisabeth81@example.com,+33 3 53 01 68 89,UdUQZwZ
Dominique du Pichon,"90, boulevard de Da Silva
01861 Navarro",pagesvalerie@example.org,+33 2 79 61 34 10,defHg
Xavier Rossi de Bodin,"boulevard Franck Bailly
97652 Roy-les-Bains",rioueric@example.org,02 97 90 73 42,RxboVDkUsb
Étienne Peron du Jourdan,"avenue Valette
71169 DuvalBourg",ivoisin@example.net,02 46 49 62 94,nlsAbLOj
Manon Parent,"276, boulevard Philippine Peltier
83326 Salmon",paulinedavid@example.org,0463035589,GDFZnG
Suzanne Dos Santos Le Blanc,"rue Noël
43682 Moulin",frederiquechevallier@example.org,+33 (0)5 82 36 64 43,ERQYFHyOQ
Nicolas Chartier,"714, boulevard de Lefort
60714 Merlenec",lefortlouis@example.org,+33 4 44 79 36 69,cqqXshACe
Thérèse Raynaud de la Lopez,"94, avenue de Martineau
24888 Chauvin-sur-Mer",denisclaire@example.com,+33 3 90 55 22 72,KalfaS
Yves Roger,"45, rue Ledoux
56459 Lemaître-la-Forêt",mgilbert@example.net,03 57 17 36 63,eXxruK
Élisabeth Joly,"83, rue Jacquot
20237 Sainte Gabriel",elodie90@example.com,03 76 63 56 87,eouAch
Vincent Daniel,"6, boulevard Cousin
95821 Saint Brigitte",uleleu@example.com,0353000226,KbKYDIbdl
Agnès Bertin de Lemaître,"2, avenue Jean Masse
66799 Carpentier",clementleon@example.net,0181655483,FtJmuTCzj
Grégoire Renault-Brunet,"35, chemin Virginie Grondin
28222 Saint Noël",bouchermichelle@example.com,02 85 96 88 86,pIcRyr
Victor-Patrick Parent,"39, chemin Toussaint
70206 ChrétienVille",kriou@example.org,+33 (0)2 90 39 80 22,eCPyJZQstZ
Marcel Gonzalez,"14, chemin David Marin
97378 Lefebvreboeuf",tristan50@example.net,03 58 53 37 78,HMfcNn
Christophe Lefebvre,"62, chemin de Jacquet
94510 Barbe-sur-Legros",anastasie34@example.net,05 45 00 24 58,noviO
Agathe Robin,"1, boulevard Charpentier
63221 Munoz",celine22@example.net,0384614708,NxVkS
Marianne Jacquet,"51, boulevard Thibaut Maillet
78171 Saint Luc",klecomte@example.com,04 49 00 26 23,ousnZ
